Wall time,Step,Value
1519826216.5103912,113425,-3.1730871200561523
1519826216.5695145,113440,-3.17069149017334
1519826216.6757157,113485,0.0573006272315979
1519827451.2568085,113505,1.842648983001709
1519827451.297888,113520,-1.2775295972824097
1519827451.3163989,113535,0.10915323346853256
1519827451.3250809,113545,-1.1607205867767334
1519827451.4319649,113590,0.0036902884021401405
1519828737.7729633,113610,-1.6832035779953003
1519828737.8521764,113670,-0.5780187249183655
1519828737.8565621,113680,-1.18361496925354
1519828737.858461,113685,-2.4638617038726807
1519828737.8755624,113695,1.903173565864563
1519830160.3286333,113750,-2.795090675354004
1519831693.4563408,113805,-4.3579864501953125
1519831693.4657588,113810,-1.5533742904663086
1519831693.4719298,113815,-2.9976816177368164
1519831693.5010626,113835,-0.8963701128959656
1519831693.5146909,113850,-3.748723030090332
1519831693.51713,113855,-2.9528403282165527
1519833223.9827611,113925,-4.3433427810668945
1519833223.9935036,113930,-1.3900866508483887
1519833224.0094175,113935,-0.42973604798316956
1519834781.816762,114030,-4.195377349853516
1519834781.8490202,114045,-1.4433200359344482
1519834781.868568,114060,-5.581325054168701
1519834781.8757977,114065,-0.8097527027130127
1519834781.9291625,114100,-6.05168342590332
1519836313.901424,114110,-5.767460823059082
1519837858.712092,114205,-3.6988515853881836
1519837858.7898455,114250,-5.653439998626709
1519837858.823392,114270,-5.779011249542236
1519837858.8267171,114275,-4.631274223327637
1519839413.3945365,114320,-5.3512282371521
1519839413.3963227,114325,-5.2596354484558105
1519839413.4115262,114340,-5.270395278930664
1519839413.4280698,114365,-6.359187126159668
1519839413.430348,114370,-6.385641574859619
1519839413.47383,114400,-5.753480434417725
1519840972.7615142,114450,-5.208850860595703
1519840972.7889755,114475,-3.4773647785186768
1519840972.805638,114495,-4.559640884399414
1519840972.816864,114500,-3.554969072341919
1519842510.921316,114515,-4.408397674560547
1519842510.932379,114520,-4.615222930908203
1519842510.970253,114545,-5.895714282989502
1519842511.0371137,114575,-5.863276481628418
1519842511.0389693,114580,-5.356426239013672
1519842511.0448198,114585,-5.03477668762207
1519844013.3658786,114610,-3.720489501953125
1519844013.388085,114625,-5.329781532287598
1519844013.3986673,114635,-5.597315788269043
1519845562.1410105,114720,-5.710632801055908
1519845562.2166462,114775,-6.248192310333252
1519845562.229649,114790,-6.36491584777832
1519845562.2523406,114800,-6.593549728393555
1519847125.2480495,114805,-5.793259143829346
1519847125.2927392,114840,-4.958688259124756
1519847125.348669,114860,-5.936548233032227
1519847125.3761535,114885,-6.084859848022461
1519847125.4127672,114895,-6.022845268249512
1519847125.4146914,114900,-5.5891642570495605
1519848665.7650146,114910,-6.115921497344971
1519848665.8325374,114960,-5.721431255340576
1519848665.843657,114970,-5.015470027923584
1519848665.8560047,114980,-5.123635292053223
1519850207.1514475,115040,-6.077543258666992
1519850207.1609182,115055,-3.758363723754883
1519850207.173878,115070,-4.762337684631348
1519850207.203353,115075,-4.271424770355225
1519850207.2602053,115100,-3.704930067062378
1519851758.256303,115105,-4.828413009643555
1519851758.2624307,115120,-4.6710333824157715
1519851758.2642267,115125,-3.683361291885376
1519851758.2755148,115135,-2.3332276344299316
1519851758.2931652,115140,-4.019692897796631
1519851758.3084457,115150,-4.118795394897461
1519851758.3689208,115185,-4.402704238891602
1519851758.4014516,115200,-3.563361167907715
1519853303.512586,115210,-4.681100845336914
1519853303.533002,115230,-5.036919116973877
1519853303.5583022,115235,-5.28947639465332
1519853303.5897849,115240,-4.618319511413574
1519853303.5959423,115245,-6.071803569793701
1519853303.6261642,115255,-5.1308135986328125
1519853303.6664357,115275,-4.364669322967529
1519853303.7089722,115295,-4.618692874908447
1519853303.731979,115300,-5.251077175140381
1519854867.8553765,115310,-4.636918544769287
1519854867.8686152,115315,-3.995281457901001
1519854867.8836749,115320,-4.990077495574951
1519854867.8961055,115325,-3.654965400695801
1519854868.0486064,115385,-5.080653667449951
1519856436.5714018,115405,-4.6869587898254395
1519856436.5727673,115410,-2.899216651916504
1519856436.603065,115445,-4.409882068634033
1519856436.6363966,115455,-3.1371734142303467
1519856436.687644,115490,-5.291807174682617
1519857970.447293,115525,-4.93416690826416
1519857970.532907,115555,-5.374091625213623
1519857970.5530643,115570,-3.0474987030029297
1519857970.5969718,115590,-4.845803260803223
1519859513.6919777,115615,-4.132928848266602
1519859513.6974282,115620,-3.267179489135742
1519859513.707571,115630,-5.749685287475586
1519859513.709412,115635,-4.370199680328369
1519859513.7533135,115660,-6.40779972076416
1519859513.7985296,115675,-6.161174297332764
1519859513.8139143,115680,-5.16160774230957
1519859513.8786535,115700,-4.256098747253418
1519861066.0523534,115785,-4.654334545135498
1519862610.6391606,115815,-5.108468532562256
1519862610.6807227,115840,-5.667088508605957
1519862610.7114398,115865,-4.580102920532227
1519862610.7425213,115880,-5.829004287719727
1519864171.6431835,115920,-5.552879810333252
1519864171.659535,115930,-4.682180404663086
1519864171.7032917,115960,-5.130850315093994
1519864171.721536,115965,-5.281423568725586
1519864171.7537081,115970,-5.997804164886475
1519864171.759918,115985,-5.768835067749023
1519864171.7616541,115990,-5.207498550415039
1519865722.0286214,116015,-5.479487419128418
1519865722.029559,116020,-5.839245796203613
1519865722.0637114,116055,-5.687446117401123
1519865722.0825372,116080,-6.259196758270264
1519865722.110851,116095,-5.360288143157959
1519867252.1728528,116105,-5.682398796081543
1519867252.1858,116115,-5.073935031890869
1519867252.2170415,116150,-4.124819278717041
1519867252.224189,116155,-3.8428032398223877
1519867252.2304647,116160,-5.263049125671387
1519867252.238164,116165,-4.949802398681641
1519868809.099815,116215,-5.181159496307373
1519868809.1105986,116230,-2.9137067794799805
1519868809.1435199,116255,-3.1873586177825928
1519868809.1615973,116265,-4.361581802368164
1519868809.2122326,116280,-5.396426200866699
1519868809.225616,116285,-3.165865421295166
1519868809.2324324,116295,-4.0783281326293945
1519868809.2349064,116300,-4.827581882476807
1519870368.4834485,116330,-4.712214469909668
1519870368.486951,116340,-3.408587694168091
1519870368.527551,116360,-2.568178415298462
1519871946.3380716,116410,-4.273863315582275
1519871946.3582191,116425,-5.720930576324463
1519871946.3734417,116435,-4.883598804473877
1519871946.3973734,116455,-2.346142053604126
1519871946.4216847,116470,-3.6304237842559814
1519873480.677289,116540,-5.547995567321777
1519873480.7405763,116585,-5.858419895172119
1519875057.259334,116615,-4.718545436859131
1519875057.300636,116645,-5.0204548835754395
1519875057.3074403,116655,-4.445926666259766
1519875057.3655822,116685,-4.835641860961914
1519875057.376212,116695,-4.934834957122803
1519875057.3864512,116700,-4.2174201011657715
1519876584.9108787,116715,-3.981221914291382
1519876584.912202,116720,-4.659491062164307
1519876584.9289136,116730,-5.192846775054932
1519876584.9326856,116740,-3.7493317127227783
1519876584.9498234,116750,-4.808181285858154
1519876584.951733,116755,-5.070375919342041
1519876585.0105548,116795,-5.886973857879639
1519878147.0483596,116810,-5.1112751960754395
1519878147.0859408,116845,-6.117921352386475
1519878147.0878053,116850,-5.727879047393799
1519878147.0896122,116855,-6.116173267364502
1519878147.1274939,116880,-3.6961328983306885
1519878147.1634703,116900,-4.567922115325928
1519879704.0186687,116925,-5.813188552856445
1519879704.0295894,116935,-5.038417816162109
1519879704.0858936,116970,-3.3978476524353027
1519881260.139209,117025,-4.877917289733887
1519881260.1510394,117030,-4.727514266967773
1519881260.1588607,117035,-5.088517665863037
1519881260.2177904,117070,-4.871805191040039
1519882793.4508135,117110,-5.049815654754639
1519882793.488888,117125,-3.1907122135162354
1519882793.5283473,117155,-4.568307876586914
1519882793.5455906,117170,-5.226884841918945
1519882793.5530803,117180,-5.279630184173584
1519882793.5594068,117190,-2.6936371326446533
1519882793.593394,117200,-4.471438407897949
1519884353.8752954,117210,-2.57804799079895
1519884353.8993,117235,-5.26447868347168
1519884353.9071786,117240,-5.616830825805664
1519884353.9715,117260,-5.31002950668335
1519884354.0167217,117285,-3.7726855278015137
1519885899.0557706,117345,-1.9667425155639648
1519885899.0601661,117350,-3.83711314201355
1519885899.099974,117365,-4.5947136878967285
1519885899.1115198,117390,-4.457449436187744
1519885899.1170964,117395,-4.518572807312012
1519887463.9731119,117445,-4.462045669555664
1519887464.0288184,117470,-2.2228198051452637
1519887464.0369918,117475,-3.056886672973633
1519887464.0788023,117495,-4.490828990936279
1519888979.484501,117505,-4.819267749786377
1519888979.5068333,117530,-5.721318244934082
1519888979.5141592,117535,-5.428164482116699
1519888979.5172014,117540,-4.6192946434021
1519888979.5251405,117555,-4.852749824523926
1519888979.5376115,117565,-4.59442138671875
1519888979.5558734,117580,-4.7988762855529785
1519890518.9530885,117605,-4.438014030456543
1519890519.0305526,117645,-5.212952136993408
1519890519.045389,117650,-4.873766899108887
1519890519.1441011,117675,-5.153346538543701
1519890519.174601,117700,-4.461760997772217
1519892093.3057926,117730,-4.780227184295654
1519892093.3168824,117735,-5.452084541320801
1519892093.3250804,117745,-5.542590141296387
1519892093.369334,117755,-2.530691146850586
1519892093.4041464,117765,-5.426482677459717
1519892093.4335105,117780,-4.9471940994262695
1519893652.390603,117815,-4.484110355377197
1519893652.3963513,117820,-5.4695048332214355
1519893652.403518,117830,-4.953432083129883
1519893652.4190948,117840,-5.429225444793701
1519893652.4287992,117850,-5.4857707023620605
1519893652.5268707,117895,-4.373707294464111
1519895192.6293688,117905,-5.17286491394043
1519895192.6335354,117910,-4.736817836761475
1519895192.6568081,117920,-4.613156318664551
1519895192.7470562,117965,-5.174150466918945
1519896721.2575054,118015,-5.893290996551514
1519896721.3183048,118050,-5.114309310913086
1519896721.3326664,118055,-5.214240550994873
1519896721.341479,118060,-5.704550743103027
1519896721.3995955,118070,-5.044296741485596
1519896721.4070597,118080,-4.288842678070068
1519896721.4165938,118100,-3.8869240283966064
1519898256.3774588,118110,-5.055517196655273
1519898256.3946447,118125,-5.319176197052002
1519898256.4082355,118135,-4.1937575340271
1519899783.7011914,118210,-5.463738441467285
1519899783.7181566,118225,-5.264400482177734
1519899783.7501934,118250,-4.716039657592773
1519899783.771833,118270,-4.599367141723633
1519899783.8162444,118285,-4.330758571624756
1519899783.824147,118295,-4.40587854385376
1519901324.6357973,118310,-4.7065110206604
1519901324.6680667,118355,-5.315135478973389
1519901324.693849,118375,7.077491283416748
1519902859.154724,118420,-4.421929836273193
1519902859.165628,118430,-4.970423698425293
1519902859.1924622,118440,-4.948664665222168
1519902859.2220376,118455,-4.720510959625244
1519902859.2238424,118460,-3.5331621170043945
1519904400.6314352,118525,-3.0102319717407227
1519904400.6723797,118560,-5.771764755249023
1519904400.702943,118565,-5.337112903594971
1519904400.7672477,118585,-4.865807056427002
1519905943.6036458,118605,-5.502492904663086
1519905943.6231358,118615,-4.191497802734375
1519905943.64737,118630,-5.140819549560547
1519905943.6951833,118665,-4.321737766265869
1519905943.7199366,118670,-4.765504360198975
1519905943.721728,118675,-5.483007431030273
1519905943.7235122,118680,-5.505495548248291
1519905943.7325895,118690,-4.360291004180908
1519907532.3136432,118715,-5.530660629272461
1519907532.3255854,118720,-5.238090991973877
1519907532.3306377,118725,-5.719954013824463
1519907532.3654637,118755,-4.344968318939209
1519907532.3909323,118765,-5.0296711921691895
1519907532.395801,118775,-5.531217098236084
1519909067.7058387,118825,-3.1688430309295654
1519909067.739219,118835,-4.535334587097168
1519909067.7614741,118840,-4.1478095054626465
1519909067.7686207,118850,-4.812877655029297
1519909067.8113225,118880,-5.063023090362549
1519909067.8259325,118895,-5.606912612915039
1519910622.5146163,118945,-4.809430122375488
1519910622.576579,118970,-5.870783805847168
1519910622.5806117,118975,-5.7606377601623535
1519913212.5201473,119000,-5.893343448638916
1519914766.3991942,119040,-5.7945876121521
1519914766.4216409,119050,-5.506341457366943
1519914766.4369535,119060,-4.631441116333008
1519914766.5373917,119100,-5.238954544067383
1519916349.2583358,119125,-4.557405471801758
1519916349.319764,119150,-5.917079925537109
1519916349.3215897,119155,-5.392323017120361
1519916349.344408,119165,-5.597475051879883
1519916349.3478048,119170,-5.3775811195373535
1519916349.3497114,119175,-5.162554740905762
1519916349.3719969,119195,-5.730875015258789
1519917906.7470365,119215,-5.6345038414001465
1519917906.759244,119235,-6.008496284484863
1519917906.7755258,119240,-5.105165481567383
1519917906.8308296,119270,-4.2127461433410645
1519917906.8604836,119300,-3.738419771194458
1519919438.8235729,119315,-4.310054302215576
1519919438.8959794,119365,-5.574033260345459
1519919438.9296544,119395,-4.947473526000977
1519919438.9342628,119400,-4.636227607727051
1519920977.6921525,119440,-4.118196964263916
1519920977.6962023,119445,-4.614212989807129
1519920977.707876,119470,-3.3190512657165527
1519920977.7213757,119500,-4.272345066070557
1519922509.8484886,119525,-5.821465015411377
1519922509.9146767,119560,-5.253392219543457
1519922509.9613492,119590,-4.258240222930908
1519922509.9829657,119600,-3.4877214431762695
1519924075.703727,119610,-5.171271800994873
1519924075.727441,119630,-5.480915546417236
1519924075.743374,119640,-5.554739952087402
1519924075.7560499,119645,-5.413689136505127
1519924075.7820625,119665,-5.26065731048584
1519924075.7839735,119670,-5.890260219573975
1519924075.7877884,119680,-5.668535232543945
1519924075.8020303,119685,-5.63686466217041
1519924075.8075528,119700,-5.115940570831299
1519925642.6523354,119705,-3.4297537803649902
1519925642.6813602,119725,-2.165400981903076
1519925642.7101266,119740,-5.8024210929870605
1519925642.743793,119755,-2.9127249717712402
1519925642.7887423,119775,-4.123500823974609
1519925642.8342612,119790,-4.113813877105713
1519925642.873948,119795,-3.8672235012054443
1519925642.8882608,119800,-4.242311954498291
1519927204.6203713,119830,-5.597282886505127
1519927204.66662,119875,-6.068071365356445
1519928730.8754048,119905,-5.853127479553223
1519928730.9078076,119930,-4.228866100311279
1519928730.9144752,119940,-4.477787494659424
1519928730.9188087,119945,-5.274046421051025
1519928730.9475815,119960,-5.821992874145508
1519928730.9566212,119965,-5.047072887420654
1519928730.9847233,119980,-5.668044567108154
1519930301.77028,120020,-4.227382183074951
1519930301.773945,120030,-5.399980545043945
1519930301.7757688,120035,-5.058602809906006
1519930301.807768,120050,-5.560393810272217
1519930301.8164787,120055,-5.1079607009887695
1519930301.851451,120075,-5.371420383453369
1519931862.4781392,120105,-5.472762584686279
1519931862.5204391,120115,-5.629528999328613
1519931862.6072884,120160,-4.820064067840576
1519933471.371634,120260,-4.830019950866699
1519933471.3975372,120270,-5.129793643951416
1519933471.403937,120275,-5.324706554412842
1519935012.8304548,120345,-6.212924957275391
1519936558.6006148,120405,-5.67652702331543
1519936558.670781,120455,-5.476733207702637
1519936558.6760712,120460,-5.324790000915527
1519936558.6874683,120465,-5.687138080596924
1519936558.7019515,120480,-4.669330596923828
1519936558.7145653,120490,-4.109492301940918
1519938110.6513693,120505,-4.308526992797852
1519938110.659341,120510,-4.599594593048096
1519938110.6779578,120520,-4.424381732940674
1519938110.756299,120565,-4.185911178588867
1519939667.943832,120610,-3.876875400543213
1519939667.9531407,120615,-3.863884925842285
1519939667.966583,120625,-4.544271469116211
1519939668.058216,120685,-5.029592514038086
1519941219.4444063,120705,-5.135205268859863
1519941219.4523826,120715,-3.2683722972869873
1519941219.4935198,120730,-4.470618724822998
1519941219.5072465,120745,-3.363771915435791
1519941219.5090122,120750,-3.7735321521759033
1519941219.5680964,120785,-5.0000739097595215
1519941219.5777292,120790,-4.753385543823242
1519941219.5815902,120795,-4.469363212585449
1519942781.1662185,120825,-5.138897895812988
1519942781.1911108,120845,-5.163821220397949
1519942781.2224078,120855,-4.695005416870117
1519942781.2703614,120895,-5.735140323638916
1519944359.843188,120930,-5.201087474822998
1519944359.8870435,120950,-4.10370397567749
1519944359.9143267,120980,-3.8910675048828125
1519944359.9288924,120995,-3.5571160316467285
1519945885.3037548,121035,-4.743755340576172
1519945885.3280425,121045,-4.60236120223999
1519945885.3498464,121050,-5.637423038482666
1519945885.3741658,121055,-5.0267720222473145
1519945885.483212,121100,-4.095533847808838
1519947452.3180325,121110,-4.51548957824707
1519947452.3225882,121115,-4.985701560974121
1519947452.339625,121120,-5.173754692077637
1519947452.3648016,121130,-3.5330774784088135
1519947452.3711421,121140,-5.219012260437012
1519947452.4512744,121165,-5.044525623321533
1519947452.4809878,121185,-5.027002334594727
1519947452.496275,121200,-4.994316577911377
1519949025.924501,121205,-5.129787445068359
1519949026.0680866,121270,-5.338381290435791
1519949026.0848415,121280,-4.099917411804199
1519949026.0867777,121285,-5.510984897613525
1519950554.7625132,121315,-4.993138313293457
1519950554.7698038,121320,-4.130505084991455
1519950554.772733,121325,-4.02812385559082
1519950554.8080661,121380,10.531319618225098
1519950554.833911,121390,-5.251863956451416
1519950554.869063,121400,-5.386433124542236
1519952138.8991387,121405,-5.540557384490967
1519952138.9105957,121415,-4.5453267097473145
1519952138.9483864,121470,-4.497384071350098
1519952138.9518173,121480,-5.746598720550537
1519952138.9559925,121490,-5.018457889556885
1519952138.9579115,121495,-4.247987747192383
1519953698.9512687,121505,-4.910684108734131
1519953698.9621503,121510,-3.8657891750335693
1519953698.977059,121520,-5.444471836090088
1519953698.985472,121525,-5.702274322509766
1519953699.007247,121535,-4.799966812133789
1519953699.0630271,121550,-5.583232402801514
1519953699.0870035,121555,-5.759583950042725
1519953699.1743453,121600,-5.999509811401367
1519955244.1472273,121610,-5.700171947479248
1519955244.1636298,121630,-5.745420932769775
1519955244.1794724,121635,-5.014419078826904
1519955244.2274015,121655,-5.292597770690918
1519955244.239458,121675,-4.9444169998168945
1519955244.2468562,121680,-5.879237174987793
1519956803.7647457,121705,-5.66079568862915
1519956803.8104055,121750,-4.875001907348633
1519956803.8275964,121775,-5.41778564453125
1519956803.830632,121790,-5.680359363555908
1519958326.5439672,121825,-5.1017374992370605
1519958326.564099,121840,-4.5947489738464355
1519958326.6123838,121860,-5.488551139831543
1519958326.7207036,121895,-5.687887668609619
1519959890.8119648,121985,-5.910645008087158
1519959890.813863,121990,-6.25531005859375
1519959890.822862,121995,-5.600332260131836
1519961466.6754715,122090,-4.764641284942627
1519961466.6829338,122095,-5.851578235626221
1519963034.555051,122105,-5.534266471862793
1519963034.6097894,122130,-6.293537616729736
1519963034.6197815,122145,-6.28929328918457
1519963034.7240255,122180,-5.925683498382568
1519963034.7563488,122200,-5.521551132202148
1519964602.1580348,122205,-5.539860725402832
1519964602.1912963,122220,-5.618812084197998
1519964602.2303238,122230,-5.632840633392334
1519964602.246088,122235,-5.625478744506836
1519964602.2762907,122260,-6.019806385040283
1519964602.3033104,122265,-6.048557281494141
1519964602.3084772,122270,-5.693929672241211
1519964602.3388999,122285,-5.636496067047119
1519964602.3489654,122295,-5.570630073547363
1519966123.6644578,122305,-5.685697078704834
1519966123.6672544,122310,-5.389439105987549
1519966123.6778185,122320,-4.900103569030762
1519966123.686403,122330,-4.609264373779297
1519966123.688504,122335,-5.317452430725098
1519966123.690583,122345,-4.858483791351318
1519966123.694452,122355,-3.7182250022888184
1519966123.699295,122370,8.02589225769043
1519966123.7064412,122390,-4.132076263427734
1519967670.4926004,122410,-4.534468650817871
1519967670.5482836,122450,-3.50323486328125
1519967670.569843,122465,-4.612527847290039
1519967670.594529,122475,-4.728723526000977
1519967670.596941,122480,-4.440560817718506
1519967670.640586,122495,-5.513858795166016
1519969224.7950733,122505,-4.646942138671875
1519969224.8024209,122510,-4.677372455596924
1519969224.8063972,122515,-5.054484844207764
1519969224.9036548,122580,11.230754852294922
1519970757.561719,122630,-4.534707546234131
1519970757.5832531,122645,-4.416913032531738
1519970757.5999043,122655,-4.905165672302246
1519972317.0252087,122720,-5.855388641357422
1519972317.0290961,122725,-5.173051357269287
1519972317.0636325,122750,-4.535776138305664
1519972317.0957146,122770,-5.779644966125488
1519972317.1009407,122775,-5.8492021560668945
1519973877.8139381,122810,-4.873449802398682
1519973877.86111,122830,-4.830563545227051
1519973877.8876445,122840,-4.599885940551758
1519973877.8970404,122845,-4.961755752563477
1519973877.898825,122850,-5.427172660827637
1519973877.9098146,122870,-3.1945502758026123
1519973877.9856143,122895,-3.4457476139068604
1519973877.9896684,122900,-4.475263595581055
1519975414.931013,122910,-5.029202461242676
1519975414.954305,122920,-5.518014430999756
1519975414.9849265,122935,-5.293781757354736
1519975414.9949012,122945,-4.7579874992370605
1519975414.9967394,122950,-4.701660633087158
1519975415.0793731,122995,-3.3261454105377197
1519976985.1067815,123020,-4.91169548034668
1519976985.1249874,123035,-3.4698548316955566
1519976985.164823,123060,-5.169658184051514
1519976985.1763918,123080,-5.221661567687988
1519978553.2287264,123105,-5.502685070037842
1519978553.2315893,123110,-5.974576473236084
1519978553.2344382,123115,-5.684470176696777
1519978553.245423,123145,-4.728757381439209
1519978553.2542884,123170,-6.138087749481201
1519980126.4986062,123205,-6.353216171264648
1519980126.5221477,123215,-6.060049533843994
1519980126.5818624,123250,-4.3776445388793945
1519980126.688374,123295,-5.644252777099609
1519981659.2395477,123325,-3.3280749320983887
1519981659.2539551,123335,-5.628850936889648
1519981659.3302388,123360,-4.8046135902404785
1519981659.3320842,123365,-4.198187351226807
1519983140.70259,123445,-5.161985397338867
1519983140.729617,123475,-6.063642978668213
1519983140.733842,123485,-5.370305061340332
1519984707.6047997,123520,-4.55280876159668
1519984707.7464454,123595,-4.339035511016846
1519984707.7520099,123600,-4.421482086181641
1519986257.3349013,123640,-5.81097412109375
1519986257.3419309,123650,-4.835029125213623
1519986257.3529015,123665,-2.9610724449157715
1519986257.3622208,123670,-3.322263717651367
1519986257.3826013,123680,-2.958575487136841
1519987826.6402123,123705,-5.711196422576904
1519987826.7999382,123765,-4.2571940422058105
1519987826.8097024,123775,-2.750221014022827
1519987826.85228,123790,-4.757594585418701
1519989370.8941758,123805,-5.396933555603027
1519989370.9211786,123825,-5.313913345336914
1519989370.9660473,123845,-5.372852802276611
1519989370.9699378,123855,-5.262465000152588
1519989370.9718783,123860,-4.248970985412598
1519989370.9859552,123870,-3.917133092880249
1519990927.160567,123920,-5.30307149887085
1519990927.196563,123940,-5.960482120513916
1519990927.2168884,123950,-5.307762622833252
1519990927.2461908,123975,-4.583197116851807
1519992474.8246248,124020,-4.340966701507568
1519992474.866879,124050,-5.79578971862793
1519992474.9444144,124070,-3.776810884475708
1519992474.988843,124085,-4.809256076812744
1519992475.063522,124100,-3.667541742324829
1519994024.6106849,124115,-4.067627429962158
1519994024.615469,124125,-4.505268096923828
1519994024.640836,124130,-5.059999465942383
1519994024.6801186,124145,-4.630489349365234
1519994024.7459667,124185,-3.8816826343536377
1519994024.7883074,124190,-4.583595275878906
1519995564.0631158,124225,-4.247870922088623
1519995564.0677378,124235,-3.281845808029175
1519995564.1451383,124265,-4.9893574714660645
1519995564.1469681,124270,-4.4805755615234375
1519995564.148798,124275,-4.017759323120117
1519995564.162457,124280,-4.661121845245361
1519995564.1858196,124295,-4.794705390930176
1519997126.2663631,124305,-5.5513153076171875
1519997126.33686,124345,-2.879244804382324
1519997126.3448277,124350,-2.964841842651367
1519997126.3549883,124360,-1.3236225843429565
1519997126.3568518,124365,-2.3909912109375
1519997126.3586915,124370,-5.116648197174072
1519997126.3605392,124375,-4.400691032409668
1519997126.3653445,124380,-5.117664337158203
1519998667.9898176,124425,-3.9263410568237305
1519998668.0158272,124460,-5.066982269287109
1519998668.0206463,124470,-5.168920993804932
1519998668.0268674,124485,-5.579304218292236
1520041756.3823576,124500,-2.788832664489746
1520043451.2784631,124520,-5.213538646697998
1520043451.3387532,124540,-3.9377214908599854
1520045184.8249059,124630,-5.237845420837402
1520045184.836084,124640,-4.034982204437256
1520045184.8739603,124660,-3.857990026473999
1520045184.90932,124675,-4.389522552490234
1520045184.9131231,124685,-4.8371429443359375
1520046928.522057,124730,-5.393918037414551
1520046928.5249312,124735,-5.007421493530273
1520046928.5362227,124750,-4.222329139709473
1520046928.537676,124755,-4.203129768371582
1520046928.5477571,124770,-6.059316635131836
1520046928.5533633,124785,-5.140489101409912
1520046928.5549486,124790,-5.761134147644043
1520048621.953887,124825,-5.763067722320557
1520048621.9843664,124845,-3.895127773284912
1520048621.9862554,124850,-5.201854705810547
1520048621.9881883,124855,-5.999710559844971
1520048622.0032654,124870,-4.266605854034424
1520048622.0129602,124880,-3.9129016399383545
1520048622.01752,124890,-4.067595958709717
1520048622.0194046,124895,-5.105766773223877
1520050366.1444962,124905,-5.085031509399414
1520050366.1891482,124925,-5.064027786254883
1520050366.212611,124930,-5.126543998718262
1520050366.267407,124950,-3.6952688694000244
1520050366.2920547,124965,-4.668417930603027
1520050366.369777,125000,-5.404623508453369
1520052106.4888773,125010,-5.175494194030762
1520052106.4986145,125020,-5.445833206176758
1520052106.5887055,125075,-3.213442325592041
1520053808.829784,125110,-2.136964797973633
1520053808.9140317,125130,-3.1535778045654297
1520053809.4995902,125170,-4.438870429992676
1520053809.5156887,125185,-5.118496894836426
1520053809.5274923,125195,-4.886165618896484
1520055516.832837,125220,-4.998969078063965
1520055516.9513311,125270,-5.122990131378174
1520055516.9537597,125275,-4.8537163734436035
1520057238.0421908,125340,-5.734945297241211
1520057238.168284,125385,-5.474801540374756
1520058986.5037708,125460,-4.871241569519043
1520058986.515105,125475,-5.191523551940918
1520058986.5185547,125480,-5.459298133850098
1520060704.3665078,125520,-5.1202006340026855
1520060704.3994193,125540,-5.2071332931518555
1520060704.4372618,125565,-4.013319492340088
1520060704.4897895,125595,-6.111388683319092
1520060704.514045,125600,-5.174179553985596
1520062440.8586981,125620,-5.916501998901367
1520062440.905403,125660,-4.366399765014648
1520064169.882898,125725,-4.023647308349609
1520064169.8853858,125730,-3.8029096126556396
1520064169.8949642,125740,-5.102593898773193
1520064169.9343798,125765,-4.449375152587891
1520064169.9456766,125770,-5.2260518074035645
1520064169.9531603,125780,-4.952325344085693
1520065907.6648104,125825,-4.990070819854736
1520065907.6742194,125830,-4.553555965423584
1520065907.679145,125835,-3.0234291553497314
1520067621.2117436,125920,-4.3653740882873535
1520067621.2165358,125925,-4.832082271575928
1520067621.2222788,125930,-4.385558128356934
1520067621.2756286,125955,-5.268074989318848
1520067621.3899045,126000,-3.744297504425049
1520069368.5789466,126010,-4.971679210662842
1520069368.5809438,126015,-4.126598834991455
1520069368.6311648,126045,-4.335689067840576
1520069368.6581154,126065,-3.716439723968506
1520069368.6682978,126075,-5.850278377532959
1520069368.6765666,126085,-3.9302382469177246
1520069368.6803203,126095,-4.5925092697143555
1520071103.8365333,126115,-5.009489059448242
1520071103.8476214,126125,-5.258399486541748
1520071103.8684514,126130,-5.69801139831543
1520071103.8813574,126150,-1.998079538345337
1520071103.88401,126155,-2.2887563705444336
1520071103.8859732,126165,-5.158710956573486
1520071103.8942318,126180,-5.446613788604736
1520071103.9067783,126195,-5.498519420623779
1520072841.9607663,126230,-4.864349842071533
1520072842.0374496,126265,-5.047480583190918
1520072842.072851,126290,-4.886639595031738
1520072842.0787146,126295,-3.8424370288848877
1520074570.7714994,126325,-4.485485553741455
1520074570.7825992,126335,-3.8200507164001465
1520074570.7889645,126345,-3.980616569519043
1520074570.825197,126355,-4.433074951171875
1520074570.8271556,126360,-3.038330078125
1520074570.8761466,126385,-5.113455772399902
1520076298.712477,126410,-5.035202503204346
1520076298.7234178,126420,-4.250625133514404
1520076298.8521945,126455,-5.88380241394043
1520076298.8540947,126460,-5.7698235511779785
1520076298.8692157,126480,-5.669856548309326
1520076298.8711398,126485,-5.959542751312256
1520078023.7761664,126520,-5.62823486328125
1520079760.3794901,126610,-5.276159763336182
1520079760.3861942,126620,-4.474470138549805
1520079760.4175553,126640,-5.576426982879639
1520079760.4252875,126645,-5.191848278045654
1520079760.4523761,126665,-4.386512279510498
1520081504.1686087,126705,-3.5031139850616455
1520081504.1773856,126715,-5.062985420227051
1520081504.1795545,126725,-5.8529157638549805
1520081504.192938,126755,-5.711662769317627
1520081504.2234352,126800,-4.544878005981445
1520083255.868578,126830,-5.002447128295898
1520083255.8703854,126835,-4.984621047973633
1520083255.888462,126845,-4.812995910644531
1520083255.9881806,126885,-5.6143927574157715
1520083255.9939663,126900,12.762127876281738
1520084981.7162592,126915,-2.651827096939087
1520084981.7647893,126945,-4.905378818511963
1520084981.784616,126955,-4.2077836990356445
1520084981.7942173,126965,-4.255283355712891
1520084981.823302,126990,-4.947494029998779
1520084981.825111,126995,-5.257838249206543
1520084981.826895,127000,-5.206752300262451
1520086723.6370306,127015,-5.307652473449707
1520086723.6508453,127030,-4.622034072875977
1520086723.6589901,127040,-6.216777801513672
1520086723.750242,127070,-4.9212727546691895
1520086723.7609782,127080,-5.867198467254639
1520086723.7678208,127085,-5.625234603881836
1520088465.9621987,127110,-5.667459487915039
1520088466.0048044,127145,-5.839472770690918
1520088466.0225165,127155,-5.888900279998779
1520088466.0676174,127185,21.162992477416992
1520090206.858327,127225,-5.557714939117432
1520090206.9207096,127275,-5.374698638916016
1520090206.944781,127285,-5.767233848571777
1520091925.3671188,127315,-5.348732948303223
1520091925.3897762,127330,-5.39063835144043
1520091925.4047484,127340,-5.01616907119751
1520091925.4311593,127355,-5.476668834686279
1520091925.4419637,127365,-4.846775054931641
1520091925.4544346,127370,-4.544814586639404
1520091925.4740152,127390,-4.277560234069824
1520093638.0903182,127415,-4.641074180603027
1520093638.1067576,127430,-5.077317714691162
1520093638.1145217,127435,-4.9895734786987305
1520093638.1306033,127450,-3.745816707611084
1520093638.139719,127465,-3.5070624351501465
1520093638.172133,127480,-4.400766372680664
1520093638.199567,127495,-4.126456260681152
1520095388.3623214,127515,-3.4833602905273438
1520095388.3751514,127540,-5.145695209503174
1520095388.390644,127565,-4.312582492828369
1520095388.3954978,127580,-4.538731098175049
1520095388.4000075,127595,-5.473575592041016
1520095388.402847,127600,-2.7294886112213135
1520097141.0188098,127635,-3.8357698917388916
1520097141.0207086,127640,-4.478656768798828
1520097141.035108,127645,-4.072495460510254
1520097141.0610666,127665,-4.105778694152832
1520097141.0913672,127685,-4.79429292678833
1520097141.0939486,127690,-4.75324821472168
1520097141.0957594,127695,-4.95793342590332
1520097141.0981483,127700,-5.295468807220459
1520098848.2958064,127710,-4.825604438781738
1520098848.3004,127715,-4.210303783416748
1520098848.3120804,127720,-4.499273777008057
1520098848.363484,127745,-4.676299095153809
1520098848.3993442,127765,-3.9159107208251953
1520098848.4089577,127770,-4.213288307189941
1520098848.422237,127780,-4.728320598602295
1520100568.5453975,127815,-4.709132671356201
1520100568.5705898,127820,-5.192657470703125
1520100568.634575,127845,-5.553876876831055
1520100568.6464632,127850,-5.566676139831543
1520100568.6540225,127855,-4.193617343902588
1520100568.6651328,127865,-3.887460231781006
1520100568.6936932,127890,-5.1558756828308105
1520102307.3288324,127920,-5.3816022872924805
1520102307.3655503,127950,-2.891770839691162
1520102307.4178872,127990,-4.84584379196167
1520102307.4291675,127995,-4.4145827293396
1520104045.4840143,128045,-5.0697340965271
1520105768.047943,128130,-5.28331184387207
1520107512.115318,128205,-5.542037487030029
1520107512.1433198,128225,-5.059504508972168
1520107512.1563141,128235,-4.879190444946289
1520107512.1681652,128240,-5.281614303588867
1520107512.1780486,128250,-5.508675575256348
1520107512.2086778,128265,-4.731838226318359
1520107512.2335727,128270,-4.85641622543335
1520107512.2825134,128290,-5.0964035987854
1520107512.3223186,128300,-3.6404869556427
1520109261.0648725,128320,-4.3638434410095215
1520109261.2342532,128385,-4.126087188720703
1520109261.247941,128395,-3.1008501052856445
1520109261.2538993,128400,-4.283111572265625
1520111046.9581048,128405,-3.473863124847412
1520111047.0272238,128445,-2.743593454360962
1520111047.030859,128455,-2.783385992050171
1520112768.6484017,128510,-5.28162956237793
1520112768.714213,128550,-5.709975719451904
1520112768.840119,128590,-3.740333318710327
1520114493.9782805,128650,-5.0152177810668945
1520114494.0057235,128660,-4.834386825561523
1520114494.0949662,128685,-3.9266607761383057
1520114494.1009173,128690,-3.388597011566162
1520114494.1354487,128695,-3.3445818424224854
1520116193.130751,128705,-3.0493743419647217
1520116193.1586146,128730,-5.1189069747924805
1520116193.1847916,128740,-4.349488258361816
1520116193.236952,128760,-3.9178311824798584
1520116193.2554917,128775,-5.162721633911133
1520117911.1800525,128820,-5.517355918884277
1520117911.1902623,128835,-5.153271675109863
1520117911.197378,128845,-5.091945648193359
1520117911.2146482,128870,-4.508605480194092
1520117911.2172377,128875,-4.326236724853516
1520117911.2210252,128885,-3.9331469535827637
1520117911.2264566,128895,-3.909848690032959
1520119649.3707445,128905,-3.1444501876831055
1520119649.3720903,128910,-4.734449863433838
1520119649.3745244,128915,-5.279591083526611
1520119649.4036324,128940,-4.704214096069336
1520119649.4521968,128960,-5.531057357788086
1520119649.4758937,128970,-5.4325971603393555
1520119649.487338,128980,-5.267230033874512
1520121377.499301,129005,-4.778497219085693
1520121377.5281503,129030,-5.463137149810791
1520121377.5330386,129035,-5.749300479888916
1520121377.55512,129055,-5.633952617645264
1520121377.556913,129060,-5.663319110870361
1520121377.574846,129065,-5.6863274574279785
1520123156.3745635,129145,-5.550838470458984
1520123156.4220495,129180,-4.965951442718506
1520124878.0636964,129205,-5.269535541534424
1520124878.1140504,129210,-5.6922607421875
1520124878.1688538,129250,-3.7759711742401123
1520124878.212561,129260,-5.812970161437988
1520124878.2725718,129295,-6.013188362121582
1520124878.2846322,129300,-5.824852466583252
1520126626.2676623,129320,-5.725595474243164
1520126626.2956069,129330,-5.27500057220459
1520126626.403436,129370,-2.418515205383301
1520128368.7913287,129420,-4.5031819343566895
1520128368.7955413,129425,-5.711503982543945
1520128368.95347,129475,-2.9849729537963867
1520128369.0321498,129500,-4.562884330749512
1520194363.7692394,129530,-4.210868835449219
1520194363.80748,129540,-4.3155412673950195
1520194363.868849,129570,-4.428850173950195
1520194363.897995,129585,-4.683183193206787
1520194363.926273,129595,-5.564398765563965
1520195896.2984662,129645,-4.360960006713867
1520195896.352268,129650,-4.747447490692139
1520197396.9666636,129720,-4.292847156524658
1520197397.0504491,129755,-4.357181549072266
1520197397.0646942,129765,-4.1420698165893555
1520197397.1480432,129800,-4.456968784332275
1520198899.4048767,129830,-5.1953020095825195
1520198899.4126782,129835,-5.082111835479736
1520198899.4513047,129850,-5.623786449432373
1520198899.4574978,129855,-4.524905204772949
1520198899.4623828,129860,-4.951603889465332
1520198899.5189803,129880,-5.247774600982666
1520198899.5367498,129885,-4.91332483291626
1520200393.0379434,129905,-3.6891045570373535
1520200393.05413,129915,-3.5613090991973877
1520200393.0885494,129930,-4.67711067199707
1520200393.1108425,129940,-5.563122749328613
1520200393.1684127,129975,-4.730488300323486
1520200393.1871767,129980,-4.20722770690918
1520200393.2264528,129985,-5.252792835235596
1520200393.2642627,129995,-5.154985427856445
1520200393.2868974,130000,-5.103554725646973
1520201863.9174361,130020,-4.356527805328369
1520201863.9244819,130025,-4.704931259155273
1520201863.9612055,130040,-4.618169784545898
1520201864.0207453,130060,-3.0246927738189697
1520201864.0750532,130070,-2.6049001216888428
1520201864.1184928,130095,-5.398672103881836
1520203357.3978367,130160,-5.12877082824707
1520203357.4101193,130165,-5.194057464599609
1520204854.1613567,130205,-4.175539970397949
1520204854.227039,130220,-4.220987796783447
1520204854.2401705,130225,-2.8941147327423096
1520204854.3106549,130260,-4.519424915313721
1520204854.3262575,130270,-4.694915771484375
1520204854.3541498,130285,-4.5247721672058105
1520204854.3630078,130290,-4.460311412811279
1520204854.3927362,130295,-4.291050434112549
1520206386.6187007,130325,-4.482016086578369
1520206386.6374848,130330,-2.908848762512207
1520206386.664797,130340,-4.783841609954834
1520206386.7469738,130380,-5.192775726318359
1520206386.7885818,130400,-5.204982280731201
1520207857.1848454,130415,-4.057783126831055
1520207857.2584333,130440,-4.447039604187012
1520207857.2795546,130445,-2.1709635257720947
1520207857.3491902,130470,-5.466507434844971
1520209382.395003,130505,-4.5710015296936035
1520209382.480947,130525,-5.019906520843506
1520209382.4854257,130530,-5.199170112609863
1520209382.5306787,130545,-5.5230712890625
1520209382.5509615,130550,-5.265840530395508
1520210856.0552099,130630,-4.214447498321533
1520210856.060843,130640,-4.854977130889893
1520210856.0754468,130665,-4.827362060546875
1520210856.0799682,130670,-5.056149959564209
1520210856.0858145,130680,-5.070260047912598
1520210856.0910432,130685,-4.628095626831055
1520210856.0966947,130695,-3.875039577484131
1520212362.823537,130730,-4.954539775848389
1520212362.8704844,130745,-4.121501922607422
1520212362.8822405,130750,-4.3545122146606445
1520212362.8981934,130755,-4.887249946594238
1520212362.950945,130780,-4.745596408843994
1520212363.0246918,130800,-4.72718620300293
1520213860.5511436,130845,-3.6059627532958984
1520213860.5524673,130850,-4.116376876831055
1520213860.5565815,130865,-4.419882297515869
1520213860.5620968,130875,-4.2558064460754395
1520213860.5742881,130895,-4.609358310699463
1520213860.5759854,130900,-4.586652755737305
1520215351.2028747,130905,-4.465649604797363
1520215351.265054,130935,-5.4406609535217285
1520215351.2894652,130945,-4.257735729217529
1520215351.3409812,130965,-4.645999908447266
1520215351.36082,130975,-4.92628812789917
1520215351.3781788,130990,-2.2579185962677
1520215351.3954303,131000,-3.109525680541992
1520216838.322004,131075,-4.801825046539307
1520218347.2526262,131115,-5.215033054351807
1520218347.3748477,131155,-4.2627363204956055
1520218347.3835974,131160,-3.8095667362213135
1520218347.3925822,131165,-4.569863796234131
1520218347.439942,131195,-4.960721015930176
1520219829.646794,131210,-4.414690017700195
1520219829.6518524,131215,-4.562176704406738
1520219829.6710684,131235,-5.229049205780029
1520219829.6730683,131240,-4.900479316711426
1520219829.6877904,131270,-5.075381755828857
1520221311.1819048,131340,-5.18919563293457
1520221311.2503157,131365,-4.283392429351807
1520221311.2919016,131375,-3.2620174884796143
1520221311.2979577,131380,-2.1372649669647217
1520222828.3112018,131415,-4.965208530426025
1520222828.3170104,131420,-4.614182949066162
1520222828.3250825,131425,-4.350439548492432
1520222828.3848112,131440,-3.5884835720062256
1520222828.5155964,131475,-5.513005256652832
1520222828.5229523,131480,-5.021855354309082
1520222828.5631359,131495,-4.515027046203613
1520224329.6218631,131510,-5.270211219787598
1520224329.6844554,131525,-4.648045539855957
1520224329.7310452,131550,-4.312487602233887
1520224329.7502606,131560,-4.076959609985352
1520224329.8042493,131580,-4.338660717010498
1520225855.3721824,131605,-4.352940559387207
1520225855.5815947,131695,-5.236883640289307
1520227361.751223,131705,-5.3784661293029785
1520227361.7891438,131725,-5.3289475440979
1520227361.8466175,131750,-4.46943473815918
1520227361.858576,131755,-4.6279096603393555
1520227361.9002075,131770,-4.291374683380127
1520227361.961788,131795,-4.765975475311279
1520228869.9640143,131820,-4.818688869476318
1520228869.9859145,131830,-5.380321025848389
1520228870.0451767,131870,-5.256912708282471
1520228870.0573182,131875,-4.667840957641602
1520228870.0872195,131895,-5.405699253082275
1520230345.428516,131935,-3.4866700172424316
1520230345.4381273,131940,-3.1441330909729004
1520231850.7576892,132005,-4.709686756134033
1520231850.9569,132080,-4.4293742179870605
1520231850.9706073,132085,-4.409276008605957
1520231851.0033762,132100,-4.669650554656982
1520233356.781039,132105,-4.920579433441162
1520233356.8768163,132125,-5.170182704925537
1520233356.9125295,132140,-4.804958343505859
1520233356.9162087,132145,-3.8911445140838623
1520233356.9784474,132155,-4.490049839019775
1520233357.0199518,132165,-5.125361442565918
1520234838.5816574,132210,-4.899527072906494
1520234838.5946753,132225,-5.343957901000977
1520234838.5964894,132230,-5.254539966583252
1520234838.6233914,132275,-3.599252223968506
1520234838.633151,132290,-5.5268235206604
1520236325.3667624,132310,-4.880663871765137
1520236325.3932314,132325,-5.319986343383789
1520236325.4538882,132345,5.09344482421875
1520236325.4622884,132350,-5.188674449920654
1520236325.4705975,132355,-5.176507472991943
1520236325.5360909,132375,-5.2299370765686035
1520236325.553579,132380,-5.328411102294922
1520236325.5905373,132400,-5.253347396850586
1520237820.8671582,132405,-5.199543476104736
1520237820.9290826,132415,-4.821758270263672
1520237821.036217,132435,-3.962467908859253
1520237821.1053352,132465,-4.835466384887695
1520237821.1620486,132485,-3.274163246154785
1520237821.1888227,132495,-4.103410720825195
1520239325.2343268,132505,-4.6291184425354
1520239325.3816056,132550,-4.9162678718566895
1520239325.4074411,132560,-4.411093235015869
1520239325.4905674,132595,-4.017446994781494
1520239325.497334,132600,-4.056899547576904
1520240780.1165078,132620,-4.593699932098389
1520240780.1258144,132625,-4.5789055824279785
1520240780.1518996,132660,-4.833651065826416
1520240780.1661944,132685,11.064065933227539
1520240780.172498,132695,-4.573859214782715
1520240780.1739006,132700,-4.390805244445801
1520242271.3680153,132705,-4.233572483062744
1520242271.3749866,132710,-5.053021430969238
1520242271.3942313,132720,-4.989149570465088
1520242271.5246308,132755,-3.1271743774414062
1520242271.622169,132795,-3.352231025695801
1520243785.3539417,132820,-5.517220497131348
1520243785.3805633,132830,-4.509405612945557
1520243785.4353433,132855,-3.71577787399292
1520243785.4677734,132875,-4.953979969024658
1520243785.4773712,132880,-5.105422496795654
1520245255.524182,132915,-4.850370407104492
1520245255.56475,132935,-4.532135486602783
1520245255.6001322,132945,-4.53593635559082
1520246740.4685469,133010,-4.006475925445557
1520246740.6414464,133070,11.329885482788086
1520246740.671209,133080,-4.722796440124512
1520246740.7194831,133100,-4.387578010559082
1520248238.083265,133130,-4.083872318267822
1520248238.1394196,133150,-4.742550849914551
1520248238.1659837,133165,-4.295601844787598
1520248238.1725094,133170,-3.954430341720581
1520248238.192933,133175,-4.321018218994141
1520249729.0202007,133210,-5.382979869842529
1520249729.0677288,133235,-3.8864800930023193
1520249729.1885228,133285,-4.857263565063477
1520249729.2123008,133300,-3.537350654602051
1520251251.9123926,133350,-5.6012139320373535
1520251251.9332025,133360,-4.73779821395874
1520251251.98197,133375,-4.227867603302002
1520251251.9892604,133380,-5.314998626708984
1520251252.0528703,133395,-5.016292095184326
1520251252.061064,133400,-4.8798017501831055
